,psychological-rating,BodyMassIndex,PreCVA,RoutineChecks,Age,CognitionScore,alcoholAbuse,cholesterol_ver,vegetables,HighBP,Unprocessed_fructose,HealthScore,myocardial_infarction,SalaryBraket,Cardio,Body_Stats,ImprovedAveragePulmonaryCapacity,Metabolical_Rate,Diabetes
count,2000.0,2000.0,2000.0,2000.0,2000.0,2000.0,2000.0,2000.0,2000.0,2000.0,2000.0,2000.0,2000.0,2000.0,2000.0,2000.0,2000.0,2000.0,2000.0
mean,5.2245,28.7875,0.0475,0.0875,8.2875,3.491,0.0465,0.968,0.823,0.4655,0.6265,2.6765,0.116,5.906,0.7385,197.60913193485,0.6265,225.83134490331,0.527
std,9.711398219499026,6.645782644917131,0.21275897910921596,0.28263703197904366,2.926281823860499,7.751190842686038,0.2106179716096955,0.176044016506878,0.3817641574794155,0.498933078787681,0.4838541178947451,1.115558149534347,0.32030500721784605,2.1694509117814387,0.43956155106945977,82.136327280068,0.4838541178947451,58.61027275434077,0.8658208954001143
min,0.0,16.0,0.0,0.0,1.0,0.0,0.0,0.0,0.0,0.0,0.0,1.0,0.0,1.0,0.0,111.7042323,0.0,71.602207,0.0
25%,0.0,24.0,0.0,0.0,6.0,0.0,0.0,1.0,1.0,0.0,0.0,2.0,0.0,4.0,0.0,158.27465005,0.0,185.7097588,0.0
50%,0.0,28.0,0.0,0.0,9.0,0.0,0.0,1.0,1.0,0.0,1.0,3.0,0.0,6.0,1.0,176.66006040000002,1.0,236.4224457,0.0
75%,5.0,32.0,0.0,0.0,10.0,2.0,0.0,1.0,1.0,1.0,1.0,3.0,0.0,8.0,1.0,201.00149770000002,1.0,263.714384775,1.25
max,30.0,92.0,1.0,1.0,13.0,30.0,1.0,1.0,1.0,1.0,1.0,5.0,1.0,8.0,1.0,551.0,1.0,326.5256972,2.0
