,loan_rate,loan_amount,job_tenure_years,credit_history_length_years,applicant_age,applicant_income,loan_income_ratio,credit_history_length_months
count,1803.0,2000.0,1950.0,2000.0,2000.0,2000.0,2000.0,2000.0
mean,10.991480865224625,36605336.81875,5.012307692307692,5.6255,27.569,66022.531,0.168875,73.562
std,3.23625929445024,263701107.3642136,4.89980181039097,3.8549552643377103,5.9240008349886715,48662.37732147216,0.10645586315652229,46.333017711618275
min,5.42,500.0,0.0,2.0,20.0,8088.0,0.01,25.0
25%,7.9,5000.0,2.0,3.0,23.0,39540.0,0.09,40.0
50%,10.99,8000.0,4.0,4.0,26.0,56000.0,0.14,56.0
75%,13.45,13200.0,7.0,8.0,30.0,80000.0,0.23,98.25
max,23.22,4346933500.0,123.0,29.0,69.0,762000.0,0.76,357.0
